Categories,Date,Received,Completed,InQueue1,InQueue2,InQueue3
BAU GIFTS EDD Alerts/Cases,4/27/14,330,200,229,20,15
BAU GIFTS EDD Alerts/Cases,5/4/14,404,377,245,26,20
BAU GIFTS EDD Alerts/Cases,5/11/14,360,319,282,21,29
BAU GIFTS EDD Alerts/Cases,5/18/14,413,422,262,26,35
BAU GIFTS EDD Alerts/Cases,5/25/14,302,364,185,29,47
BAU GIFTS EDD Alerts/Cases,6/1/14,385,340,225,33,48
BAU GIFTS EDD Alerts/Cases,6/8/14,260,320,168,40,38
BAU GIFTS EDD Alerts/Cases,6/15/14,352,285,217,41,55
BAU GIFTS EDD Alerts/Cases,6/22/14,326,383,188,21,47
BAU GIFTS EDD Alerts/Cases,6/29/14,388,357,211,11,65
BAU GIFTS EDD Alerts/Cases,7/6/14,285,299,207,16,50
BAU GIFTS EDD Alerts/Cases,7/13/14,410,349,290,8,36
BAU GIFTS EDD Alerts/Cases,7/20/14,339,436,176,9,52
BAU GIFTS EDD Alerts/Cases,7/27/14,289,320,146,13,47
BAU GIFTS EDD Alerts/Cases,8/3/14,337,290,206,11,36
BAU GIFTS EDD Alerts/Cases,8/10/14,288,291,210,8,32
BAU GIFTS EDD Alerts/Cases,8/17/14,303,286,238,7,22
BAU GIFTS EDD Alerts/Cases,8/24/14,330,271,289,4,33
BAU GIFTS EDD Alerts/Cases,8/31/14,310,371,233,5,27
BAU GIFTS EDD Alerts/Cases,9/7/14,393,310,322,6,20
BAU GIFTS EDD Alerts/Cases,9/14/14,539,448,403,8,28
BAU GIFTS EDD Alerts/Cases,9/21/14,604,529,483,4,27
BAU GIFTS EDD Alerts/Cases,9/28/14,674,527,630,6,25
BAU GIFTS EDD Alerts/Cases,10/5/14,773,892,506,4,32
BAU GIFTS EDD Alerts/Cases,10/12/14,722,726,488,3,47
BAU GIFTS EDD Alerts/Cases,10/19/14,411,570,348,2,29
BAU GIFTS EDD Alerts/Cases,10/26/14,613,503,460,1,28
BAU GIFTS EDD Alerts/Cases,11/2/14,593,558,496,1,27
BAU GIFTS EDD Alerts/Cases,11/9/14,400,619,289,1,15
BAU GIFTS EDD Alerts/Cases,11/16/14,513,403,403,1,11
BAU GIFTS EDD Alerts/Cases,11/23/14,659,545,518,1,10
BAU GIFTS EDD Alerts/Cases,11/30/14,466,566,421,1,7
BAU GIFTS EDD Alerts/Cases,12/7/14,579,506,491,1,10
BAU GIFTS EDD Alerts/Cases,12/14/14,566,687,365,1,15
BAU GIFTS EDD Alerts/Cases,12/21/14,531,466,425,1,20
BAU GIFTS EDD Alerts/Cases,12/28/14,676,665,446,1,10
BAU GIFTS EDD Alerts/Cases,1/4/15,635,663,418,1,10
BAU GIFTS EDD Alerts/Cases,1/11/15,495,437,472,1,14
BAU GIFTS EDD Alerts/Cases,1/18/15,299,490,280,1,15
BAU GIFTS EDD Alerts/Cases,1/25/15,294,328,241,1,20
BAU GIFTS EDD Alerts/Cases,2/1/15,281,352,173,1,17
BAU GIFTS EDD Alerts/Cases,2/8/15,141,195,115,1,21
BAU GIFTS EDD Alerts/Cases,2/15/15,270,210,170,1,26
BAU GIFTS EDD Alerts/Cases,2/22/15,301,228,231,1,38
BAU GIFTS EDD Alerts/Cases,3/1/15,274,300,210,1,33
BAU GIFTS EDD Alerts/Cases,3/8/15,378,310,287,1,24
BAU GIFTS EDD Alerts/Cases,3/15/15,307,400,189,1,29
BAU GIFTS EDD Alerts/Cases,3/22/15,345,269,259,1,35
BAU GIFTS EDD Alerts/Cases,3/29/15,268,320,205,1,37
BAU GIFTS EDD Alerts/Cases,4/5/15,295,328,184,1,25
BAU GIFTS EDD Alerts/Cases,4/12/15,309,279,205,1,34
BAU GIFTS EDD Alerts/Cases,4/19/15,359,348,204,1,46
BAU GIFTS EDD Alerts/Cases,4/26/15,187,277,123,1,37
BAU GIFTS EDD Alerts/Cases,5/3/15,141,176,90,1,35
BAU GIFTS EDD Alerts/Cases,5/10/15,104,152,48,1,29
BAU GIFTS EDD Alerts/Cases,5/17/15,96,110,37,1,26
BAU GIFTS EDD Alerts/Cases,5/24/15,109,94,53,1,25
BAU GIFTS EDD Alerts/Cases,5/31/15,128,106,70,1,30
BAU GIFTS EDD Alerts/Cases,6/7/15,97,133,37,1,27
BAU GIFTS EDD Alerts/Cases,6/14/15,106,93,38,1,39
BAU GIFTS EDD Alerts/Cases,6/21/15,75,91,25,1,36
BAU GIFTS EDD Alerts/Cases,6/28/15,90,87,19,1,45
eGIFTS OFAC Referrals,4/27/14,3,1,1,,1
eGIFTS OFAC Referrals,5/4/14,3,3,1,,1
eGIFTS OFAC Referrals,5/11/14,3,3,1,,1
eGIFTS OFAC Referrals,5/18/14,2,2,1,,1
eGIFTS OFAC Referrals,5/25/14,3,3,1,,1
eGIFTS OFAC Referrals,6/1/14,3,3,1,,1
eGIFTS OFAC Referrals,6/8/14,2,2,1,,1
eGIFTS OFAC Referrals,6/15/14,2,2,1,,1
eGIFTS OFAC Referrals,6/22/14,2,2,1,,1
eGIFTS OFAC Referrals,6/29/14,3,3,1,,1
eGIFTS OFAC Referrals,7/6/14,2,2,1,,1
eGIFTS OFAC Referrals,7/13/14,3,3,1,,1
eGIFTS OFAC Referrals,7/20/14,2,2,1,,1
eGIFTS OFAC Referrals,7/27/14,2,2,1,,1
eGIFTS OFAC Referrals,8/3/14,3,3,1,,1
eGIFTS OFAC Referrals,8/10/14,3,3,1,,1
eGIFTS OFAC Referrals,8/17/14,3,3,1,,1
eGIFTS OFAC Referrals,8/24/14,2,2,1,,1
eGIFTS OFAC Referrals,8/31/14,2,2,1,,1
eGIFTS OFAC Referrals,9/7/14,2,2,1,,1
eGIFTS OFAC Referrals,9/14/14,2,2,1,,1
eGIFTS OFAC Referrals,9/21/14,2,2,1,,1
eGIFTS OFAC Referrals,9/28/14,2,2,1,,1
eGIFTS OFAC Referrals,10/5/14,2,2,1,,1
eGIFTS OFAC Referrals,10/12/14,3,3,1,,1
eGIFTS OFAC Referrals,10/19/14,2,2,1,,1
eGIFTS OFAC Referrals,10/26/14,2,2,1,,1
eGIFTS OFAC Referrals,11/2/14,2,2,1,,1
eGIFTS OFAC Referrals,11/9/14,2,2,1,,1
eGIFTS OFAC Referrals,11/16/14,2,2,1,,1
eGIFTS OFAC Referrals,11/23/14,3,3,1,,1
eGIFTS OFAC Referrals,11/30/14,3,3,1,,1
eGIFTS OFAC Referrals,12/7/14,3,3,1,,1
eGIFTS OFAC Referrals,12/14/14,3,3,1,,1
eGIFTS OFAC Referrals,12/21/14,2,2,1,,1
eGIFTS OFAC Referrals,12/28/14,3,3,1,,1
eGIFTS OFAC Referrals,1/4/15,3,3,1,,1
eGIFTS OFAC Referrals,1/11/15,2,2,1,,1
eGIFTS OFAC Referrals,1/18/15,3,3,1,,1
eGIFTS OFAC Referrals,1/25/15,2,2,1,,1
eGIFTS OFAC Referrals,2/1/15,2,2,1,,1
eGIFTS OFAC Referrals,2/8/15,3,3,1,,1
eGIFTS OFAC Referrals,2/15/15,2,2,1,,1
eGIFTS OFAC Referrals,2/22/15,3,3,1,,1
eGIFTS OFAC Referrals,3/1/15,2,2,1,,1
eGIFTS OFAC Referrals,3/8/15,3,3,1,,1
eGIFTS OFAC Referrals,3/15/15,2,2,1,,1
eGIFTS OFAC Referrals,3/22/15,2,2,1,,1
eGIFTS OFAC Referrals,3/29/15,3,3,1,,1
eGIFTS OFAC Referrals,4/5/15,2,2,1,,1
eGIFTS OFAC Referrals,4/12/15,2,2,1,,1
eGIFTS OFAC Referrals,4/19/15,3,3,1,,1
eGIFTS OFAC Referrals,4/26/15,2,2,1,,1
eGIFTS OFAC Referrals,5/3/15,2,2,1,,1
eGIFTS OFAC Referrals,5/10/15,3,3,1,,1
eGIFTS OFAC Referrals,5/17/15,3,3,1,,1
eGIFTS OFAC Referrals,5/24/15,3,3,1,,1
eGIFTS OFAC Referrals,5/31/15,3,3,1,,1
eGIFTS OFAC Referrals,6/7/15,3,3,1,,1
eGIFTS OFAC Referrals,6/14/15,2,2,1,,1
eGIFTS OFAC Referrals,6/21/15,3,3,1,,1
eGIFTS OFAC Referrals,6/28/15,3,3,1,,1
FinCEN/314(a) List Screening,4/27/14,9,2,3,1,2
FinCEN/314(a) List Screening,5/4/14,11,9,4,1,3
FinCEN/314(a) List Screening,5/11/14,6,8,3,1,2
FinCEN/314(a) List Screening,5/18/14,9,7,4,1,3
FinCEN/314(a) List Screening,5/25/14,14,12,5,1,4
FinCEN/314(a) List Screening,6/1/14,17,15,7,1,4
FinCEN/314(a) List Screening,6/8/14,24,20,9,1,6
FinCEN/314(a) List Screening,6/15/14,15,21,5,1,4
FinCEN/314(a) List Screening,6/22/14,15,14,4,1,6
FinCEN/314(a) List Screening,6/29/14,17,15,5,1,7
FinCEN/314(a) List Screening,7/6/14,18,15,6,1,9
FinCEN/314(a) List Screening,7/13/14,17,19,5,1,8
FinCEN/314(a) List Screening,7/20/14,23,20,4,1,12
FinCEN/314(a) List Screening,7/27/14,13,17,5,1,7
FinCEN/314(a) List Screening,8/3/14,15,18,3,1,6
FinCEN/314(a) List Screening,8/10/14,9,11,3,1,4
FinCEN/314(a) List Screening,8/17/14,10,8,3,1,6
FinCEN/314(a) List Screening,8/24/14,14,13,4,1,6
FinCEN/314(a) List Screening,8/31/14,18,17,2,1,9
FinCEN/314(a) List Screening,9/7/14,11,13,3,1,6
FinCEN/314(a) List Screening,9/14/14,12,11,3,1,7
FinCEN/314(a) List Screening,9/21/14,11,14,2,1,5
FinCEN/314(a) List Screening,9/28/14,12,10,3,1,6
FinCEN/314(a) List Screening,10/5/14,10,12,2,1,5
FinCEN/314(a) List Screening,10/12/14,12,11,3,1,5
FinCEN/314(a) List Screening,10/19/14,8,9,4,1,3
FinCEN/314(a) List Screening,10/26/14,7,8,2,1,4
FinCEN/314(a) List Screening,11/2/14,11,9,3,1,5
FinCEN/314(a) List Screening,11/9/14,14,12,4,1,6
FinCEN/314(a) List Screening,11/16/14,8,13,2,1,3
FinCEN/314(a) List Screening,11/23/14,6,7,2,1,2
FinCEN/314(a) List Screening,11/30/14,9,7,3,1,3
FinCEN/314(a) List Screening,12/7/14,7,9,2,1,2
FinCEN/314(a) List Screening,12/14/14,7,7,1,1,3
FinCEN/314(a) List Screening,12/21/14,4,5,1,1,2
FinCEN/314(a) List Screening,12/28/14,5,4,1,1,3
FinCEN/314(a) List Screening,1/4/15,6,6,1,1,3
FinCEN/314(a) List Screening,1/11/15,7,7,1,1,3
FinCEN/314(a) List Screening,1/18/15,7,7,1,1,3
FinCEN/314(a) List Screening,1/25/15,7,7,1,1,3
FinCEN/314(a) List Screening,2/1/15,5,5,1,1,3
FinCEN/314(a) List Screening,2/8/15,8,7,1,1,4
FinCEN/314(a) List Screening,2/15/15,7,6,1,1,5
FinCEN/314(a) List Screening,2/22/15,6,8,1,1,3
FinCEN/314(a) List Screening,3/1/15,6,6,1,1,3
FinCEN/314(a) List Screening,3/8/15,9,8,1,1,4
FinCEN/314(a) List Screening,3/15/15,7,8,1,1,3
FinCEN/314(a) List Screening,3/22/15,6,7,1,1,2
FinCEN/314(a) List Screening,3/29/15,3,4,1,1,1
FinCEN/314(a) List Screening,4/5/15,4,4,1,1,1
FinCEN/314(a) List Screening,4/12/15,4,4,1,1,1
FinCEN/314(a) List Screening,4/19/15,3,3,1,1,1
FinCEN/314(a) List Screening,4/26/15,4,4,1,1,1
FinCEN/314(a) List Screening,5/3/15,4,4,1,1,1
FinCEN/314(a) List Screening,5/10/15,4,4,1,1,1
FinCEN/314(a) List Screening,5/17/15,4,4,1,1,1
FinCEN/314(a) List Screening,5/24/15,4,4,1,1,1
FinCEN/314(a) List Screening,5/31/15,4,4,1,1,1
FinCEN/314(a) List Screening,6/7/15,4,4,1,1,1
FinCEN/314(a) List Screening,6/14/15,3,3,1,1,1
FinCEN/314(a) List Screening,6/21/15,3,3,1,1,1
FinCEN/314(a) List Screening,6/28/15,3,3,1,1,1
Head Office Internal WatchList Updates,4/27/14,7,1,3,2,1
Head Office Internal WatchList Updates,5/4/14,7,6,4,2,1
Head Office Internal WatchList Updates,5/11/14,7,8,2,3,1
Head Office Internal WatchList Updates,5/18/14,5,6,1,3,1
Head Office Internal WatchList Updates,5/25/14,6,5,1,4,1
Head Office Internal WatchList Updates,6/1/14,7,8,1,3,1
Head Office Internal WatchList Updates,6/8/14,6,5,1,4,1
Head Office Internal WatchList Updates,6/15/14,9,9,1,4,1
Head Office Internal WatchList Updates,6/22/14,4,6,1,2,1
Head Office Internal WatchList Updates,6/29/14,3,4,1,1,1
Head Office Internal WatchList Updates,7/6/14,4,4,1,1,1
Head Office Internal WatchList Updates,7/13/14,3,3,1,1,1
Head Office Internal WatchList Updates,7/20/14,3,3,1,1,1
Head Office Internal WatchList Updates,7/27/14,3,3,1,1,1
Head Office Internal WatchList Updates,8/3/14,3,3,1,1,1
Head Office Internal WatchList Updates,8/10/14,3,3,1,1,1
Head Office Internal WatchList Updates,8/17/14,4,4,1,1,1
Head Office Internal WatchList Updates,8/24/14,4,4,1,1,1
Head Office Internal WatchList Updates,8/31/14,4,4,1,1,1
Head Office Internal WatchList Updates,9/7/14,4,4,1,1,1
Head Office Internal WatchList Updates,9/14/14,3,3,1,1,1
Head Office Internal WatchList Updates,9/21/14,4,4,1,1,1
Head Office Internal WatchList Updates,9/28/14,4,4,1,1,1
Head Office Internal WatchList Updates,10/5/14,3,3,1,1,1
Head Office Internal WatchList Updates,10/12/14,4,4,1,1,1
Head Office Internal WatchList Updates,10/19/14,3,3,1,1,1
Head Office Internal WatchList Updates,10/26/14,3,3,1,1,1
Head Office Internal WatchList Updates,11/2/14,3,3,1,1,1
Head Office Internal WatchList Updates,11/9/14,4,4,1,1,1
Head Office Internal WatchList Updates,11/16/14,3,3,1,1,1
Head Office Internal WatchList Updates,11/23/14,3,3,1,1,1
Head Office Internal WatchList Updates,11/30/14,3,3,1,1,1
Head Office Internal WatchList Updates,12/7/14,3,3,1,1,1
Head Office Internal WatchList Updates,12/14/14,3,3,1,1,1
Head Office Internal WatchList Updates,12/21/14,4,4,1,1,1
Head Office Internal WatchList Updates,12/28/14,4,4,1,1,1
Head Office Internal WatchList Updates,1/4/15,4,4,1,1,1
Head Office Internal WatchList Updates,1/11/15,4,4,1,1,1
Head Office Internal WatchList Updates,1/18/15,4,4,1,1,1
Head Office Internal WatchList Updates,1/25/15,3,3,1,1,1
Head Office Internal WatchList Updates,2/1/15,3,3,1,1,1
Head Office Internal WatchList Updates,2/8/15,4,4,1,1,1
Head Office Internal WatchList Updates,2/15/15,4,4,1,1,1
Head Office Internal WatchList Updates,2/22/15,3,3,1,1,1
Head Office Internal WatchList Updates,3/1/15,4,4,1,1,1
Head Office Internal WatchList Updates,3/8/15,4,4,1,1,1
Head Office Internal WatchList Updates,3/15/15,3,3,1,1,1
Head Office Internal WatchList Updates,3/22/15,3,3,1,1,1
Head Office Internal WatchList Updates,3/29/15,3,3,1,1,1
Head Office Internal WatchList Updates,4/5/15,3,3,1,1,1
Head Office Internal WatchList Updates,4/12/15,3,3,1,1,1
Head Office Internal WatchList Updates,4/19/15,3,3,1,1,1
Head Office Internal WatchList Updates,4/26/15,3,3,1,1,1
Head Office Internal WatchList Updates,5/3/15,3,3,1,1,1
Head Office Internal WatchList Updates,5/10/15,4,4,1,1,1
Head Office Internal WatchList Updates,5/17/15,4,4,1,1,1
Head Office Internal WatchList Updates,5/24/15,3,3,1,1,1
Head Office Internal WatchList Updates,5/31/15,3,3,1,1,1
Head Office Internal WatchList Updates,6/7/15,4,4,1,1,1
Head Office Internal WatchList Updates,6/14/15,3,3,1,1,1
Head Office Internal WatchList Updates,6/21/15,4,4,1,1,1
Head Office Internal WatchList Updates,6/28/15,4,4,1,1,1
HR Data Reconciliations,4/27/14,10,1,4,3,1
HR Data Reconciliations,5/4/14,10,9,5,3,1
HR Data Reconciliations,5/11/14,13,12,5,4,1
HR Data Reconciliations,5/18/14,16,15,4,6,1
HR Data Reconciliations,5/25/14,14,15,2,7,1
HR Data Reconciliations,6/1/14,10,10,3,6,1
HR Data Reconciliations,6/8/14,15,13,4,7,1
HR Data Reconciliations,6/15/14,17,16,4,8,1
HR Data Reconciliations,6/22/14,15,18,4,5,1
HR Data Reconciliations,6/29/14,9,11,3,4,1
HR Data Reconciliations,7/6/14,9,10,3,3,1
HR Data Reconciliations,7/13/14,9,9,3,3,1
HR Data Reconciliations,7/20/14,9,10,3,2,1
HR Data Reconciliations,7/27/14,6,6,3,2,1
HR Data Reconciliations,8/3/14,6,6,2,3,1
HR Data Reconciliations,8/10/14,10,9,2,4,1
HR Data Reconciliations,8/17/14,10,9,1,6,1
HR Data Reconciliations,8/24/14,5,8,1,3,1
HR Data Reconciliations,8/31/14,5,5,1,3,1
HR Data Reconciliations,9/7/14,5,6,1,2,1
HR Data Reconciliations,9/14/14,4,4,1,2,1
HR Data Reconciliations,9/21/14,7,6,1,3,1
HR Data Reconciliations,9/28/14,6,5,1,4,1
HR Data Reconciliations,10/5/14,10,8,1,6,1
HR Data Reconciliations,10/12/14,12,9,1,9,1
HR Data Reconciliations,10/19/14,13,15,1,7,1
HR Data Reconciliations,10/26/14,15,13,1,9,1
HR Data Reconciliations,11/2/14,20,17,1,12,1
HR Data Reconciliations,11/9/14,20,15,1,17,1
HR Data Reconciliations,11/16/14,23,25,1,15,1
HR Data Reconciliations,11/23/14,31,25,1,21,1
HR Data Reconciliations,11/30/14,31,32,1,20,1
HR Data Reconciliations,12/7/14,25,22,1,23,1
HR Data Reconciliations,12/14/14,40,37,1,26,1
HR Data Reconciliations,12/21/14,36,29,1,33,1
HR Data Reconciliations,12/28/14,40,39,1,34,1
HR Data Reconciliations,1/4/15,26,39,1,21,1
HR Data Reconciliations,1/11/15,34,34,1,21,1
HR Data Reconciliations,1/18/15,22,29,1,14,1
HR Data Reconciliations,1/25/15,19,18,1,15,1
HR Data Reconciliations,2/1/15,20,23,1,12,1
HR Data Reconciliations,2/8/15,29,23,1,18,1
HR Data Reconciliations,2/15/15,35,31,1,22,1
HR Data Reconciliations,2/22/15,17,26,1,13,1
HR Data Reconciliations,3/1/15,22,21,1,14,1
HR Data Reconciliations,3/8/15,18,19,1,13,1
HR Data Reconciliations,3/15/15,30,24,1,19,1
HR Data Reconciliations,3/22/15,15,24,1,10,1
HR Data Reconciliations,3/29/15,14,16,1,8,1
HR Data Reconciliations,4/5/15,12,11,1,9,1
HR Data Reconciliations,4/12/15,14,15,1,8,1
HR Data Reconciliations,4/19/15,12,13,1,7,1
HR Data Reconciliations,4/26/15,13,12,1,8,1
HR Data Reconciliations,5/3/15,10,12,1,6,1
HR Data Reconciliations,5/10/15,9,11,1,4,1
HR Data Reconciliations,5/17/15,9,7,1,6,1
HR Data Reconciliations,5/24/15,10,11,1,5,1
HR Data Reconciliations,5/31/15,9,9,1,5,1
HR Data Reconciliations,6/7/15,7,7,1,5,1
HR Data Reconciliations,6/14/15,11,10,1,6,1
HR Data Reconciliations,6/21/15,10,10,1,6,1
HR Data Reconciliations,6/28/15,11,11,1,6,1
KYC New Customer Onboarding QA Review,5/4/14,26,22,7,3,15
KYC New Customer Onboarding QA Review,5/11/14,34,35,8,4,12
KYC New Customer Onboarding QA Review,5/18/14,29,28,11,5,9
KYC New Customer Onboarding QA Review,5/25/14,26,30,6,4,11
KYC New Customer Onboarding QA Review,6/1/14,30,26,8,3,14
KYC New Customer Onboarding QA Review,6/8/14,25,30,5,2,13
KYC New Customer Onboarding QA Review,6/15/14,22,24,5,2,11
KYC New Customer Onboarding QA Review,6/22/14,21,18,4,1,16
KYC New Customer Onboarding QA Review,6/29/14,40,34,5,1,21
KYC New Customer Onboarding QA Review,7/6/14,39,36,7,1,22
KYC New Customer Onboarding QA Review,7/13/14,26,38,5,1,12
KYC New Customer Onboarding QA Review,7/20/14,23,21,3,1,16
KYC New Customer Onboarding QA Review,7/27/14,20,20,4,1,15
KYC New Customer Onboarding QA Review,8/3/14,20,22,6,1,11
KYC New Customer Onboarding QA Review,8/10/14,19,19,5,1,12
KYC New Customer Onboarding QA Review,8/17/14,30,22,7,1,18
KYC New Customer Onboarding QA Review,8/24/14,22,26,8,1,13
KYC New Customer Onboarding QA Review,8/31/14,23,29,8,1,7
KYC New Customer Onboarding QA Review,9/7/14,18,19,4,1,10
KYC New Customer Onboarding QA Review,9/14/14,25,19,6,1,14
KYC New Customer Onboarding QA Review,9/21/14,17,21,3,1,13
KYC New Customer Onboarding QA Review,9/28/14,14,18,3,1,9
KYC New Customer Onboarding QA Review,10/5/14,18,16,2,1,12
KYC New Customer Onboarding QA Review,10/12/14,17,15,1,1,15
KYC New Customer Onboarding QA Review,10/19/14,34,27,1,1,22
KYC New Customer Onboarding QA Review,10/26/14,16,27,1,1,11
KYC New Customer Onboarding QA Review,11/2/14,9,14,1,1,6
KYC New Customer Onboarding QA Review,11/9/14,8,10,1,1,4
KYC New Customer Onboarding QA Review,11/16/14,9,7,1,1,6
KYC New Customer Onboarding QA Review,11/23/14,6,8,1,1,4
KYC New Customer Onboarding QA Review,11/30/14,7,8,1,1,3
KYC New Customer Onboarding QA Review,12/7/14,8,7,1,1,4
KYC New Customer Onboarding QA Review,12/14/14,10,9,1,1,5
KYC New Customer Onboarding QA Review,12/21/14,11,10,1,1,6
KYC New Customer Onboarding QA Review,12/28/14,13,10,1,1,9
KYC New Customer Onboarding QA Review,1/4/15,11,14,1,1,6
KYC New Customer Onboarding QA Review,1/11/15,8,9,1,1,5
KYC New Customer Onboarding QA Review,1/18/15,10,8,1,1,7
KYC New Customer Onboarding QA Review,1/25/15,9,10,1,1,6
KYC New Customer Onboarding QA Review,2/1/15,11,8,1,1,9
KYC New Customer Onboarding QA Review,2/8/15,17,15,1,1,11
KYC New Customer Onboarding QA Review,2/15/15,13,14,1,1,10
KYC New Customer Onboarding QA Review,2/22/15,12,15,1,1,7
KYC New Customer Onboarding QA Review,3/1/15,12,13,1,1,6
KYC New Customer Onboarding QA Review,3/8/15,6,9,1,1,3
KYC New Customer Onboarding QA Review,3/15/15,5,5,1,1,3
KYC New Customer Onboarding QA Review,3/22/15,5,6,1,1,2
KYC New Customer Onboarding QA Review,3/29/15,5,4,1,1,3
KYC New Customer Onboarding QA Review,4/5/15,5,6,1,1,2
KYC New Customer Onboarding QA Review,4/12/15,5,4,1,1,3
KYC New Customer Onboarding QA Review,4/19/15,7,7,1,1,3
KYC New Customer Onboarding QA Review,4/26/15,6,6,1,1,3
KYC New Customer Onboarding QA Review,5/3/15,4,5,1,1,2
KYC New Customer Onboarding QA Review,5/10/15,4,5,1,1,1
KYC New Customer Onboarding QA Review,5/17/15,3,3,1,1,1
KYC New Customer Onboarding QA Review,5/24/15,4,4,1,1,1
KYC New Customer Onboarding QA Review,5/31/15,4,4,1,1,1
KYC New Customer Onboarding QA Review,6/7/15,4,4,1,1,1
KYC New Customer Onboarding QA Review,6/14/15,3,3,1,1,1
KYC New Customer Onboarding QA Review,6/21/15,3,3,1,1,1
KYC New Customer Onboarding QA Review,6/28/15,4,4,1,1,1
KYC Periodic Reviews,5/4/14,5,5,2,2,1
KYC Periodic Reviews,5/11/14,3,5,1,1,1
KYC Periodic Reviews,5/18/14,4,4,1,1,1
KYC Periodic Reviews,5/25/14,4,4,1,1,1
KYC Periodic Reviews,6/1/14,4,4,1,1,1
KYC Periodic Reviews,6/8/14,3,3,1,1,1
KYC Periodic Reviews,6/15/14,4,4,1,1,1
KYC Periodic Reviews,6/22/14,3,3,1,1,1
KYC Periodic Reviews,6/29/14,4,4,1,1,1
KYC Periodic Reviews,7/6/14,3,3,1,1,1
KYC Periodic Reviews,7/13/14,3,3,1,1,1
KYC Periodic Reviews,7/20/14,3,3,1,1,1
KYC Periodic Reviews,7/27/14,3,3,1,1,1
KYC Periodic Reviews,8/3/14,4,4,1,1,1
KYC Periodic Reviews,8/10/14,3,3,1,1,1
KYC Periodic Reviews,8/17/14,3,3,1,1,1
KYC Periodic Reviews,8/24/14,4,4,1,1,1
KYC Periodic Reviews,8/31/14,4,4,1,1,1
KYC Periodic Reviews,9/7/14,4,4,1,1,1
KYC Periodic Reviews,9/14/14,3,3,1,1,1
KYC Periodic Reviews,9/21/14,4,4,1,1,1
KYC Periodic Reviews,9/28/14,3,3,1,1,1
KYC Periodic Reviews,10/5/14,3,3,1,1,1
KYC Periodic Reviews,10/12/14,4,4,1,1,1
KYC Periodic Reviews,10/19/14,3,3,1,1,1
KYC Periodic Reviews,10/26/14,3,3,1,1,1
KYC Periodic Reviews,11/2/14,4,4,1,1,1
KYC Periodic Reviews,11/9/14,3,3,1,1,1
KYC Periodic Reviews,11/16/14,4,4,1,1,1
KYC Periodic Reviews,11/23/14,3,3,1,1,1
KYC Periodic Reviews,11/30/14,3,3,1,1,1
KYC Periodic Reviews,12/7/14,4,4,1,1,1
KYC Periodic Reviews,12/14/14,3,3,1,1,1
KYC Periodic Reviews,12/21/14,3,3,1,1,1
KYC Periodic Reviews,12/28/14,3,3,1,1,1
KYC Periodic Reviews,1/4/15,3,3,1,1,1
KYC Periodic Reviews,1/11/15,3,3,1,1,1
KYC Periodic Reviews,1/18/15,4,4,1,1,1
KYC Periodic Reviews,1/25/15,4,4,1,1,1
KYC Periodic Reviews,2/1/15,3,3,1,1,1
KYC Periodic Reviews,2/8/15,4,4,1,1,1
KYC Periodic Reviews,2/15/15,3,3,1,1,1
KYC Periodic Reviews,2/22/15,4,4,1,1,1
KYC Periodic Reviews,3/1/15,4,4,1,1,1
KYC Periodic Reviews,3/8/15,4,4,1,1,1
KYC Periodic Reviews,3/15/15,3,3,1,1,1
KYC Periodic Reviews,3/22/15,3,3,1,1,1
KYC Periodic Reviews,3/29/15,4,4,1,1,1
KYC Periodic Reviews,4/5/15,4,4,1,1,1
KYC Periodic Reviews,4/12/15,4,4,1,1,1
KYC Periodic Reviews,4/19/15,3,3,1,1,1
KYC Periodic Reviews,4/26/15,4,4,1,1,1
KYC Periodic Reviews,5/3/15,3,3,1,1,1
KYC Periodic Reviews,5/10/15,3,3,1,1,1
KYC Periodic Reviews,5/17/15,3,3,1,1,1
KYC Periodic Reviews,5/24/15,3,3,1,1,1
KYC Periodic Reviews,5/31/15,3,3,1,1,1
KYC Periodic Reviews,6/7/15,4,4,1,1,1
KYC Periodic Reviews,6/14/15,3,3,1,1,1
KYC Periodic Reviews,6/21/15,3,3,1,1,1
KYC Periodic Reviews,6/28/15,4,4,1,1,1
List Screening (Vendors/Employees/Related Parties),4/27/14,7,9,2,3,1
List Screening (Vendors/Employees/Related Parties),5/4/14,7,6,3,3,1
List Screening (Vendors/Employees/Related Parties),5/11/14,6,8,2,2,1
List Screening (Vendors/Employees/Related Parties),5/18/14,5,5,1,3,1
List Screening (Vendors/Employees/Related Parties),5/25/14,6,7,1,2,1
List Screening (Vendors/Employees/Related Parties),6/1/14,5,5,1,2,1
List Screening (Vendors/Employees/Related Parties),6/8/14,5,5,1,2,1
List Screening (Vendors/Employees/Related Parties),6/15/14,5,4,1,3,1
List Screening (Vendors/Employees/Related Parties),6/22/14,6,5,1,4,1
List Screening (Vendors/Employees/Related Parties),6/29/14,6,7,1,3,1
List Screening (Vendors/Employees/Related Parties),7/6/14,4,5,1,2,1
List Screening (Vendors/Employees/Related Parties),7/13/14,3,4,1,1,1
List Screening (Vendors/Employees/Related Parties),7/20/14,3,3,1,1,1
List Screening (Vendors/Employees/Related Parties),7/27/14,4,4,1,1,1
List Screening (Vendors/Employees/Related Parties),8/3/14,3,3,1,1,1
List Screening (Vendors/Employees/Related Parties),8/10/14,4,4,1,1,1
List Screening (Vendors/Employees/Related Parties),8/17/14,3,3,1,1,1
List Screening (Vendors/Employees/Related Parties),8/24/14,4,4,1,1,1
List Screening (Vendors/Employees/Related Parties),8/31/14,4,4,1,1,1
List Screening (Vendors/Employees/Related Parties),9/7/14,4,4,1,1,1
List Screening (Vendors/Employees/Related Parties),9/14/14,4,4,1,1,1
List Screening (Vendors/Employees/Related Parties),9/21/14,4,4,1,1,1
List Screening (Vendors/Employees/Related Parties),9/28/14,3,3,1,1,1
List Screening (Vendors/Employees/Related Parties),10/5/14,4,4,1,1,1
List Screening (Vendors/Employees/Related Parties),10/12/14,4,4,1,1,1
List Screening (Vendors/Employees/Related Parties),10/19/14,4,4,1,1,1
List Screening (Vendors/Employees/Related Parties),10/26/14,4,4,1,1,1
List Screening (Vendors/Employees/Related Parties),11/2/14,4,4,1,1,1
List Screening (Vendors/Employees/Related Parties),11/9/14,4,4,1,1,1
List Screening (Vendors/Employees/Related Parties),11/16/14,3,3,1,1,1
List Screening (Vendors/Employees/Related Parties),11/23/14,3,3,1,1,1
List Screening (Vendors/Employees/Related Parties),11/30/14,4,4,1,1,1
List Screening (Vendors/Employees/Related Parties),12/7/14,3,3,1,1,1
List Screening (Vendors/Employees/Related Parties),12/14/14,4,4,1,1,1
List Screening (Vendors/Employees/Related Parties),12/21/14,4,4,1,1,1
List Screening (Vendors/Employees/Related Parties),12/28/14,3,3,1,1,1
List Screening (Vendors/Employees/Related Parties),1/4/15,4,4,1,1,1
List Screening (Vendors/Employees/Related Parties),1/11/15,4,4,1,1,1
List Screening (Vendors/Employees/Related Parties),1/18/15,4,4,1,1,1
List Screening (Vendors/Employees/Related Parties),1/25/15,4,4,1,1,1
List Screening (Vendors/Employees/Related Parties),2/1/15,4,4,1,1,1
List Screening (Vendors/Employees/Related Parties),2/8/15,3,3,1,1,1
List Screening (Vendors/Employees/Related Parties),2/15/15,4,4,1,1,1
List Screening (Vendors/Employees/Related Parties),2/22/15,3,3,1,1,1
List Screening (Vendors/Employees/Related Parties),3/1/15,4,4,1,1,1
List Screening (Vendors/Employees/Related Parties),3/8/15,4,4,1,1,1
List Screening (Vendors/Employees/Related Parties),3/15/15,4,4,1,1,1
List Screening (Vendors/Employees/Related Parties),3/22/15,4,4,1,1,1
List Screening (Vendors/Employees/Related Parties),3/29/15,3,3,1,1,1
List Screening (Vendors/Employees/Related Parties),4/5/15,4,4,1,1,1
List Screening (Vendors/Employees/Related Parties),4/12/15,4,4,1,1,1
List Screening (Vendors/Employees/Related Parties),4/19/15,4,4,1,1,1
List Screening (Vendors/Employees/Related Parties),4/26/15,4,4,1,1,1
List Screening (Vendors/Employees/Related Parties),5/3/15,4,4,1,1,1
List Screening (Vendors/Employees/Related Parties),5/10/15,3,3,1,1,1
List Screening (Vendors/Employees/Related Parties),5/17/15,4,4,1,1,1
List Screening (Vendors/Employees/Related Parties),5/24/15,4,4,1,1,1
List Screening (Vendors/Employees/Related Parties),5/31/15,4,4,1,1,1
List Screening (Vendors/Employees/Related Parties),6/7/15,3,3,1,1,1
List Screening (Vendors/Employees/Related Parties),6/14/15,4,4,1,1,1
List Screening (Vendors/Employees/Related Parties),6/21/15,3,3,1,1,1
List Screening (Vendors/Employees/Related Parties),6/28/15,4,4,1,1,1
Midas Data Reconciliations,4/27/14,4,4,1,2,1
Midas Data Reconciliations,5/4/14,7,6,1,3,1
Midas Data Reconciliations,5/11/14,6,7,1,2,1
Midas Data Reconciliations,5/18/14,3,4,1,1,1
Midas Data Reconciliations,5/25/14,3,3,1,1,1
Midas Data Reconciliations,6/1/14,3,3,1,1,1
Midas Data Reconciliations,6/8/14,3,3,1,1,1
Midas Data Reconciliations,6/15/14,4,4,1,1,1
Midas Data Reconciliations,6/22/14,4,4,1,1,1
Midas Data Reconciliations,6/29/14,3,3,1,1,1
Midas Data Reconciliations,7/6/14,3,3,1,1,1
Midas Data Reconciliations,7/13/14,3,3,1,1,1
Midas Data Reconciliations,7/20/14,4,4,1,1,1
Midas Data Reconciliations,7/27/14,4,4,1,1,1
Midas Data Reconciliations,8/3/14,4,4,1,1,1
Midas Data Reconciliations,8/10/14,4,4,1,1,1
Midas Data Reconciliations,8/17/14,3,3,1,1,1
Midas Data Reconciliations,8/24/14,4,4,1,1,1
Midas Data Reconciliations,8/31/14,4,4,1,1,1
Midas Data Reconciliations,9/7/14,3,3,1,1,1
Midas Data Reconciliations,9/14/14,4,4,1,1,1
Midas Data Reconciliations,9/21/14,4,4,1,1,1
Midas Data Reconciliations,9/28/14,3,3,1,1,1
Midas Data Reconciliations,10/5/14,3,3,1,1,1
Midas Data Reconciliations,10/12/14,3,3,1,1,1
Midas Data Reconciliations,10/19/14,4,4,1,1,1
Midas Data Reconciliations,10/26/14,4,4,1,1,1
Midas Data Reconciliations,11/2/14,4,4,1,1,1
Midas Data Reconciliations,11/9/14,3,3,1,1,1
Midas Data Reconciliations,11/16/14,4,4,1,1,1
Midas Data Reconciliations,11/23/14,3,3,1,1,1
Midas Data Reconciliations,11/30/14,4,4,1,1,1
Midas Data Reconciliations,12/7/14,4,4,1,1,1
Midas Data Reconciliations,12/14/14,4,4,1,1,1
Midas Data Reconciliations,12/21/14,3,3,1,1,1
Midas Data Reconciliations,12/28/14,3,3,1,1,1
Midas Data Reconciliations,1/4/15,3,3,1,1,1
Midas Data Reconciliations,1/11/15,3,3,1,1,1
Midas Data Reconciliations,1/18/15,3,3,1,1,1
Midas Data Reconciliations,1/25/15,4,4,1,1,1
Midas Data Reconciliations,2/1/15,4,4,1,1,1
Midas Data Reconciliations,2/8/15,4,4,1,1,1
Midas Data Reconciliations,2/15/15,4,4,1,1,1
Midas Data Reconciliations,2/22/15,4,4,1,1,1
Midas Data Reconciliations,3/1/15,4,4,1,1,1
Midas Data Reconciliations,3/8/15,3,3,1,1,1
Midas Data Reconciliations,3/15/15,3,3,1,1,1
Midas Data Reconciliations,3/22/15,3,3,1,1,1
Midas Data Reconciliations,3/29/15,4,4,1,1,1
Midas Data Reconciliations,4/5/15,4,4,1,1,1
Midas Data Reconciliations,4/12/15,3,3,1,1,1
Midas Data Reconciliations,4/19/15,4,4,1,1,1
Midas Data Reconciliations,4/26/15,4,4,1,1,1
Midas Data Reconciliations,5/3/15,4,4,1,1,1
Midas Data Reconciliations,5/10/15,4,4,1,1,1
Midas Data Reconciliations,5/17/15,4,4,1,1,1
Midas Data Reconciliations,5/24/15,4,4,1,1,1
Midas Data Reconciliations,5/31/15,4,4,1,1,1
Midas Data Reconciliations,6/7/15,4,4,1,1,1
Midas Data Reconciliations,6/14/15,3,3,1,1,1
Midas Data Reconciliations,6/21/15,3,3,1,1,1
Midas Data Reconciliations,6/28/15,4,4,1,1,1
OFAC List Screening (Customers and Other Parties),4/27/14,2,2,,1,1
OFAC List Screening (Customers and Other Parties),5/4/14,2,2,,1,1
OFAC List Screening (Customers and Other Parties),5/11/14,3,3,,1,1
OFAC List Screening (Customers and Other Parties),5/18/14,2,2,,1,1
OFAC List Screening (Customers and Other Parties),5/25/14,2,2,,1,1
OFAC List Screening (Customers and Other Parties),6/1/14,2,2,,1,1
OFAC List Screening (Customers and Other Parties),6/8/14,2,2,,1,1
OFAC List Screening (Customers and Other Parties),6/15/14,3,3,,1,1
OFAC List Screening (Customers and Other Parties),6/22/14,3,3,,1,1
OFAC List Screening (Customers and Other Parties),6/29/14,3,3,,1,1
OFAC List Screening (Customers and Other Parties),7/6/14,3,3,,1,1
OFAC List Screening (Customers and Other Parties),7/13/14,2,2,,1,1
OFAC List Screening (Customers and Other Parties),7/20/14,3,3,,1,1
OFAC List Screening (Customers and Other Parties),7/27/14,2,2,,1,1
OFAC List Screening (Customers and Other Parties),8/3/14,3,3,,1,1
OFAC List Screening (Customers and Other Parties),8/10/14,2,2,,1,1
OFAC List Screening (Customers and Other Parties),8/17/14,2,2,,1,1
OFAC List Screening (Customers and Other Parties),8/24/14,2,2,,1,1
OFAC List Screening (Customers and Other Parties),8/31/14,2,2,,1,1
OFAC List Screening (Customers and Other Parties),9/7/14,2,2,,1,1
OFAC List Screening (Customers and Other Parties),9/14/14,3,3,,1,1
OFAC List Screening (Customers and Other Parties),9/21/14,3,3,,1,1
OFAC List Screening (Customers and Other Parties),9/28/14,2,2,,1,1
OFAC List Screening (Customers and Other Parties),10/5/14,2,2,,1,1
OFAC List Screening (Customers and Other Parties),10/12/14,2,2,,1,1
OFAC List Screening (Customers and Other Parties),10/19/14,3,3,,1,1
OFAC List Screening (Customers and Other Parties),10/26/14,3,3,,1,1
OFAC List Screening (Customers and Other Parties),11/2/14,2,2,,1,1
OFAC List Screening (Customers and Other Parties),11/9/14,3,3,,1,1
OFAC List Screening (Customers and Other Parties),11/16/14,2,2,,1,1
OFAC List Screening (Customers and Other Parties),11/23/14,3,3,,1,1
OFAC List Screening (Customers and Other Parties),11/30/14,3,3,,1,1
OFAC List Screening (Customers and Other Parties),12/7/14,2,2,,1,1
OFAC List Screening (Customers and Other Parties),12/14/14,3,3,,1,1
OFAC List Screening (Customers and Other Parties),12/21/14,3,3,,1,1
OFAC List Screening (Customers and Other Parties),12/28/14,3,3,,1,1
OFAC List Screening (Customers and Other Parties),1/4/15,2,2,,1,1
OFAC List Screening (Customers and Other Parties),1/11/15,3,3,,1,1
OFAC List Screening (Customers and Other Parties),1/18/15,2,2,,1,1
OFAC List Screening (Customers and Other Parties),1/25/15,3,3,,1,1
OFAC List Screening (Customers and Other Parties),2/1/15,2,2,,1,1
OFAC List Screening (Customers and Other Parties),2/8/15,2,2,,1,1
OFAC List Screening (Customers and Other Parties),2/15/15,3,3,,1,1
OFAC List Screening (Customers and Other Parties),2/22/15,3,3,,1,1
OFAC List Screening (Customers and Other Parties),3/1/15,2,2,,1,1
OFAC List Screening (Customers and Other Parties),3/8/15,3,3,,1,1
OFAC List Screening (Customers and Other Parties),3/15/15,2,2,,1,1
OFAC List Screening (Customers and Other Parties),3/22/15,3,3,,1,1
OFAC List Screening (Customers and Other Parties),3/29/15,2,2,,1,1
OFAC List Screening (Customers and Other Parties),4/5/15,2,2,,1,1
OFAC List Screening (Customers and Other Parties),4/12/15,3,3,,1,1
OFAC List Screening (Customers and Other Parties),4/19/15,3,3,,1,1
OFAC List Screening (Customers and Other Parties),4/26/15,3,3,,1,1
OFAC List Screening (Customers and Other Parties),5/3/15,2,2,,1,1
OFAC List Screening (Customers and Other Parties),5/10/15,2,2,,1,1
OFAC List Screening (Customers and Other Parties),5/17/15,2,2,,1,1
OFAC List Screening (Customers and Other Parties),5/24/15,2,2,,1,1
OFAC List Screening (Customers and Other Parties),5/31/15,3,3,,1,1
OFAC List Screening (Customers and Other Parties),6/7/15,3,3,,1,1
OFAC List Screening (Customers and Other Parties),6/14/15,3,3,,1,1
OFAC List Screening (Customers and Other Parties),6/21/15,2,2,,1,1
OFAC List Screening (Customers and Other Parties),6/28/15,2,2,,1,1
PAC Certification Updates,4/27/14,11,5,5,2,1
PAC Certification Updates,5/4/14,10,9,6,2,1
PAC Certification Updates,5/11/14,10,12,4,2,1
PAC Certification Updates,5/18/14,10,10,3,3,1
PAC Certification Updates,5/25/14,11,10,3,4,1
PAC Certification Updates,6/1/14,16,13,4,6,1
PAC Certification Updates,6/8/14,19,14,6,9,1
PAC Certification Updates,6/15/14,22,23,3,11,1
PAC Certification Updates,6/22/14,18,20,2,10,1
PAC Certification Updates,6/29/14,11,13,2,8,1
PAC Certification Updates,7/6/14,19,16,2,11,1
PAC Certification Updates,7/13/14,15,18,2,8,1
PAC Certification Updates,7/20/14,21,18,3,10,1
PAC Certification Updates,7/27/14,11,16,3,5,1
PAC Certification Updates,8/3/14,12,13,2,5,1
PAC Certification Updates,8/10/14,9,9,2,5,1
PAC Certification Updates,8/17/14,10,8,2,7,1
PAC Certification Updates,8/24/14,11,13,2,5,1
PAC Certification Updates,8/31/14,7,10,1,3,1
PAC Certification Updates,9/7/14,5,6,1,2,1
PAC Certification Updates,9/14/14,6,5,1,3,1
PAC Certification Updates,9/21/14,6,6,1,3,1
PAC Certification Updates,9/28/14,5,5,1,3,1
PAC Certification Updates,10/5/14,8,7,1,4,1
PAC Certification Updates,10/12/14,6,7,1,3,1
PAC Certification Updates,10/19/14,7,6,1,4,1
PAC Certification Updates,10/26/14,6,8,1,2,1
PAC Certification Updates,11/2/14,3,4,1,1,1
PAC Certification Updates,11/9/14,3,3,1,1,1
PAC Certification Updates,11/16/14,4,4,1,1,1
PAC Certification Updates,11/23/14,3,3,1,1,1
PAC Certification Updates,11/30/14,3,3,1,1,1
PAC Certification Updates,12/7/14,3,3,1,1,1
PAC Certification Updates,12/14/14,4,4,1,1,1
PAC Certification Updates,12/21/14,4,4,1,1,1
PAC Certification Updates,12/28/14,3,3,1,1,1
PAC Certification Updates,1/4/15,3,3,1,1,1
PAC Certification Updates,1/11/15,4,4,1,1,1
PAC Certification Updates,1/18/15,3,3,1,1,1
PAC Certification Updates,1/25/15,4,4,1,1,1
PAC Certification Updates,2/1/15,4,4,1,1,1
PAC Certification Updates,2/8/15,4,4,1,1,1
PAC Certification Updates,2/15/15,3,3,1,1,1
PAC Certification Updates,2/22/15,3,3,1,1,1
PAC Certification Updates,3/1/15,3,3,1,1,1
PAC Certification Updates,3/8/15,3,3,1,1,1
PAC Certification Updates,3/15/15,4,4,1,1,1
PAC Certification Updates,3/22/15,4,4,1,1,1
PAC Certification Updates,3/29/15,3,3,1,1,1
PAC Certification Updates,4/5/15,3,3,1,1,1
PAC Certification Updates,4/12/15,3,3,1,1,1
PAC Certification Updates,4/19/15,3,3,1,1,1
PAC Certification Updates,4/26/15,3,3,1,1,1
PAC Certification Updates,5/3/15,4,4,1,1,1
PAC Certification Updates,5/10/15,4,4,1,1,1
PAC Certification Updates,5/17/15,3,3,1,1,1
PAC Certification Updates,5/24/15,3,3,1,1,1
PAC Certification Updates,5/31/15,4,4,1,1,1
PAC Certification Updates,6/7/15,4,4,1,1,1
PAC Certification Updates,6/14/15,4,4,1,1,1
PAC Certification Updates,6/21/15,3,3,1,1,1
PAC Certification Updates,6/28/15,3,3,1,1,1
SAR Filings,4/27/14,9,4,2,4,1
SAR Filings,5/4/14,9,8,2,5,1
SAR Filings,5/11/14,7,8,1,5,1
SAR Filings,5/18/14,8,8,1,5,1
SAR Filings,5/25/14,9,7,1,7,1
SAR Filings,6/1/14,7,9,1,5,1
SAR Filings,6/8/14,12,10,1,7,1
SAR Filings,6/15/14,9,11,1,5,1
SAR Filings,6/22/14,5,7,1,3,1
SAR Filings,6/29/14,9,8,1,4,1
SAR Filings,7/6/14,7,8,1,3,1
SAR Filings,7/13/14,9,8,1,4,1
SAR Filings,7/20/14,7,7,1,4,1
SAR Filings,7/27/14,8,6,1,6,1
SAR Filings,8/3/14,8,8,1,6,1
SAR Filings,8/10/14,8,10,1,4,1
SAR Filings,8/17/14,4,6,1,2,1
SAR Filings,8/24/14,5,5,1,2,1
SAR Filings,8/31/14,4,5,1,1,1
SAR Filings,9/7/14,4,4,1,1,1
SAR Filings,9/14/14,3,3,1,1,1
SAR Filings,9/21/14,3,3,1,1,1
SAR Filings,9/28/14,3,3,1,1,1
SAR Filings,10/5/14,4,4,1,1,1
SAR Filings,10/12/14,3,3,1,1,1
SAR Filings,10/19/14,4,4,1,1,1
SAR Filings,10/26/14,3,3,1,1,1
SAR Filings,11/2/14,3,3,1,1,1
SAR Filings,11/9/14,4,4,1,1,1
SAR Filings,11/16/14,4,4,1,1,1
SAR Filings,11/23/14,3,3,1,1,1
SAR Filings,11/30/14,4,4,1,1,1
SAR Filings,12/7/14,4,4,1,1,1
SAR Filings,12/14/14,4,4,1,1,1
SAR Filings,12/21/14,3,3,1,1,1
SAR Filings,12/28/14,3,3,1,1,1
SAR Filings,1/4/15,3,3,1,1,1
SAR Filings,1/11/15,4,4,1,1,1
SAR Filings,1/18/15,3,3,1,1,1
SAR Filings,1/25/15,4,4,1,1,1
SAR Filings,2/1/15,3,3,1,1,1
SAR Filings,2/8/15,3,3,1,1,1
SAR Filings,2/15/15,3,3,1,1,1
SAR Filings,2/22/15,4,4,1,1,1
SAR Filings,3/1/15,4,4,1,1,1
SAR Filings,3/8/15,4,4,1,1,1
SAR Filings,3/15/15,4,4,1,1,1
SAR Filings,3/22/15,3,3,1,1,1
SAR Filings,3/29/15,4,4,1,1,1
SAR Filings,4/5/15,4,4,1,1,1
SAR Filings,4/12/15,3,3,1,1,1
SAR Filings,4/19/15,3,3,1,1,1
SAR Filings,4/26/15,3,3,1,1,1
SAR Filings,5/3/15,3,3,1,1,1
SAR Filings,5/10/15,3,3,1,1,1
SAR Filings,5/17/15,3,3,1,1,1
SAR Filings,5/24/15,4,4,1,1,1
SAR Filings,5/31/15,4,4,1,1,1
SAR Filings,6/7/15,4,4,1,1,1
SAR Filings,6/14/15,3,3,1,1,1
SAR Filings,6/21/15,4,4,1,1,1
SAR Filings,6/28/15,4,4,1,1,1